Timestamp, FrameID, RTT(us)
1766398788.933027, 751, 131018
1766398788.933346, 955, 115550
1766398788.937276, 1054, 99734
1766398788.941410, 1573, 72273
1766398788.942410, 1993, 56373
1766398788.965925, 1436, 113437
1766398788.979573, 2558, 60944
1766398788.980160, 2241, 77983
1766398788.997858, 2633, 60654
1766398789.026067, 2929, 70907
1766398789.030058, 3160, 60289
1766398789.037149, 3498, 50508
1766398789.067741, 3805, 64891
1766398789.087259, 4059, 66076
1766398789.114113, 4349, 76343
1766398789.114578, 4493, 61527
1766398789.122205, 4633, 52023
1766398789.142951, 5116, 57902
1766398789.163936, 5204, 61876
1766398789.202467, 5491, 81651
1766398789.204455, 5824, 69046
1766398789.204952, 5898, 52458
1766398789.224496, 6161, 55115
1766398789.245257, 6447, 57223
1766398789.259254, 6768, 56346
1766398789.287681, 7097, 68719
1766398789.305557, 7270, 69739
1766398789.305575, 7638, 52494
1766398789.321036, 7997, 36016
1766398789.329446, 7863, 59798
1766398789.374644, 8445, 71806
1766398789.388227, 8614, 68622
1766398789.395433, 8952, 57439
1766398789.413171, 8988, 60956
1766398789.433058, 9283, 60234
1766398789.444008, 9501, 58335
1766398789.449629, 9957, 47425
1766398789.480410, 9988, 60403
1766398789.485138, 10267, 48519
1766398789.509672, 10542, 56667
1766398789.519639, 10870, 49404
1766398789.534664, 11123, 47820
1766398789.557995, 11480, 55490
1766398789.566011, 11603, 47325
1766398789.589990, 11854, 53945
1766398789.620732, 12513, 46745
1766398789.624787, 12245, 71105
1766398789.656758, 12647, 70471
1766398789.661512, 13109, 41358
1766398789.674799, 13009, 71687
1766398789.692889, 13530, 55731
1766398789.715383, 13887, 46265
1766398789.717398, 13714, 64192
1766398789.763776, 14316, 77103
1766398789.773177, 14529, 68519
1766398789.781939, 14767, 61769
1766398789.791424, 15013, 54658
1766398789.802284, 15144, 48613
1766398789.842422, 15494, 70841
1766398789.869454, 15709, 80657
1766398789.881773, 16259, 61177
1766398789.904334, 15973, 99206
1766398789.919220, 16387, 86624
1766398789.968750, 17055, 100351
1766398789.978904, 16733, 126958
1766398790.001810, 17222, 115354
1766398790.009438, 17530, 106431
1766398790.023249, 17796, 104948
1766398790.064671, 17995, 128376
1766398790.087866, 18325, 136188
1766398790.107319, 18610, 137424
1766398790.144916, 18952, 139973
1766398790.176043, 18881, 188439
1766398790.179516, 19339, 159941
1766398790.187162, 19476, 150473
1766398790.209568, 19798, 156079
1766398790.243369, 20064, 173080
1766398790.251500, 20469, 165641
1766398790.256112, 20669, 152424
1766398790.298701, 20786, 179206
1766398790.307181, 21034, 170165
1766398790.335989, 21400, 183395
1766398790.357016, 21700, 188452
1766398790.381626, 22148, 177070
1766398790.386458, 21865, 200683
1766398790.388995, 22405, 170780
1766398790.423532, 22553, 187245
1766398790.428589, 22825, 174522
1766398790.443105, 23213, 173591
1766398790.475412, 23455, 186809
1766398790.480633, 23686, 176377
1766398790.502395, 23826, 184014
1766398790.516880, 24098, 180836
1766398790.546292, 24458, 192469
1766398790.568127, 24687, 198377
1766398790.595351, 25026, 209588
1766398790.600029, 25296, 197027
1766398790.648394, 25577, 228876
1766398790.680877, 25883, 228827
1766398790.698435, 25670, 261598
1766398790.750824, 26238, 282331
1766398790.753394, 26617, 267679
1766398790.815948, 26844, 311385
1766398790.831156, 27014, 311067
1766398790.874685, 27633, 322052
1766398790.899512, 27868, 325219
1766398790.905125, 27268, 372185
1766398790.937144, 28132, 350710
1766398790.984781, 28390, 382876
1766398790.987400, 28694, 352241
1766398790.989702, 28570, 369959
1766398791.025370, 28945, 372207
1766398791.042457, 29234, 372183
1766398791.060553, 29818, 358695
1766398791.076803, 29658, 390244
1766398791.111323, 30134, 393453
1766398791.122760, 30304, 388077
1766398791.146904, 30611, 395721
1766398791.177265, 30943, 409243
1766398791.184827, 30989, 400724
1766398791.210935, 31282, 410812
1766398791.242395, 31590, 425009
1766398791.268235, 31776, 433436
1766398791.278991, 32496, 411416
1766398791.292385, 32085, 441822
1766398791.310579, 32655, 425995
1766398791.318095, 32791, 416683
1766398791.336633, 33216, 417950
1766398791.366618, 33401, 431281
1766398791.405058, 33629, 453748
1766398791.408440, 34012, 441649
1766398791.445947, 34295, 461002
1766398791.448475, 34390, 447533
1766398791.463967, 34744, 446948
1766398791.503885, 34942, 469845
1766398791.511104, 35290, 459391
1766398791.537893, 35497, 468845
1766398791.542931, 36031, 441306
1766398791.542966, 35674, 458780
1766398791.570172, 36240, 451290
1766398791.606700, 36596, 471890
1766398791.614236, 37025, 445109
1766398791.620752, 37158, 435507
1766398791.968890, 38108, 734924
1766398792.081888, 39741, 729347
1766398792.140232, 40653, 737948
1766398792.209940, 41643, 742101
1766398792.212436, 41902, 728492
1766398792.296315, 42599, 762045
1766398792.296386, 43228, 728544
1766398792.301584, 43280, 717733
1766398792.306218, 43542, 705706
1766398792.422426, 44656, 755147
1766398792.436806, 44865, 752070
1766398792.459666, 45837, 709053
1766398792.459713, 45344, 743000
1766398792.482192, 46128, 715135
1766398792.545825, 46793, 745725
1766398792.556682, 46926, 739958
1766398792.591085, 47595, 740358
1766398792.606580, 47755, 739749
1766398792.626449, 47908, 743115
1766398792.643931, 49104, 693474
1766398792.643970, 49790, 642011
1766398792.648765, 49436, 664599
1766398792.653689, 48753, 719825
1766398792.654188, 48472, 736399
1766398792.665066, 49310, 697307
1766398792.674780, 50140, 657526
1766398792.882241, 51861, 747464
1766398792.895164, 52118, 743908
1766398793.043637, 54948, 709037
1766398793.046660, 54337, 745543
1766398793.046688, 54720, 729489
1766398793.046691, 55086, 695628
1766398793.056578, 55467, 688614
1766398793.069014, 55600, 684602
1766398793.170654, 56772, 718630
1766398793.182399, 56953, 714742
1766398793.184857, 57568, 684673
1766398793.190102, 56456, 754590
1766398793.192653, 57847, 675127
1766398793.195203, 58589, 627857
1766398793.197728, 57127, 713285
1766398793.210301, 57859, 676448
1766398793.210335, 58366, 659064
1766398793.360298, 59464, 726355
1766398793.396116, 59789, 745395
1766398793.436397, 60160, 750518
1766398794.232629, 72456, 746797
1766398794.257541, 73045, 738356
1766398794.875583, 81975, 771085
1766398794.921831, 82892, 766958
1766398794.921883, 83869, 700114
1766398794.951916, 83650, 748544
1766398795.019465, 84514, 747680
1766398795.141637, 86419, 754054
1766398795.701315, 95507, 712662
1766398795.706551, 95174, 752635
1766398795.719566, 95428, 749256
1766398795.726319, 95992, 720024
1766398795.818486, 96939, 747487
1766398795.897217, 97621, 776379
1766398796.094079, 100702, 774152
1766398796.099095, 101052, 761147
1766398796.218347, 103340, 731167
1766398796.273648, 103793, 751817
1766398796.344964, 105139, 741161
1766398796.379594, 105785, 725906
1766398796.734852, 110907, 745192
1766398796.853722, 112564, 764960
1766398796.918672, 114175, 732030
1766398796.974360, 114738, 737461
1766398797.075212, 116174, 754833
1766398797.153767, 117582, 732770
1766398797.255201, 118470, 783395
1766398797.263886, 119275, 741048
1766398797.409256, 121127, 754622
1766398797.499714, 122712, 745273
1766398797.580505, 124651, 708307
1766398797.692754, 126550, 689810
1766398797.700435, 126120, 728321
1766398797.705223, 125603, 768196
1766398797.712859, 126314, 725131
1766398797.805529, 127291, 751714
1766398797.857305, 128295, 736894
1766398797.902693, 128905, 748541
1766398797.912916, 129759, 709210
1766398797.919078, 129516, 729218
1766398797.925907, 130206, 689042
1766398797.925934, 130319, 670689
1766398797.925938, 129909, 705811
1766398797.935956, 130766, 665556
1766398797.938521, 131289, 634498
1766398797.938538, 131953, 585046
1766398797.942650, 131340, 622139
1766398797.942670, 131833, 603730
1766398797.947470, 132231, 576669
1766398797.955112, 134356, 451681
1766398797.955140, 130940, 667427
1766398797.957729, 133198, 519845
1766398797.957745, 133482, 502757
1766398797.957748, 132923, 536876
1766398797.960413, 132581, 572303
1766398797.971256, 134134, 483289
1766398797.971285, 132806, 572577
1766398797.976502, 133714, 506465
1766398797.995169, 134682, 454880
1766398797.996195, 134568, 475608
1766398798.003961, 134953, 447307
1766398798.016657, 135395, 451992
1766398798.354696, 135771, 750145
1766398798.422693, 136656, 768446
1766398798.522242, 138074, 765082
1766398798.538571, 138527, 750869
1766398798.569460, 139307, 732370
1766398798.569497, 139728, 714757
1766398798.731010, 141456, 761519
1766398798.765004, 142612, 711462
1766398798.794558, 142990, 724205
1766398798.863843, 143481, 761994
1766398798.881960, 143849, 763799
1766398798.920380, 144784, 735167
1766398798.930923, 144569, 761043
1766398798.980538, 145716, 727807
1766398799.018557, 146349, 732685
1766398799.031858, 146515, 728444
1766398799.095251, 147100, 760188
1766398799.150325, 148017, 748077
1766398799.154991, 148515, 719904
1766398799.167481, 148269, 748719
1766398799.224823, 149427, 739782
1766398799.235181, 149040, 766894
1766398799.327528, 150343, 775066
1766398799.359157, 151480, 739922
1766398799.387698, 152392, 701587
1766398799.388127, 152254, 718676
1766398799.395240, 151931, 742197
1766398799.427358, 152993, 708121
1766398799.551396, 154408, 732092
1766398799.565860, 154193, 762853
1766398799.597760, 155882, 695985
1766398799.611035, 155117, 758238
1766398799.624600, 155564, 738577
1766398799.691616, 156377, 755129
1766398799.767419, 157748, 731028
1766398799.784189, 158367, 714636
1766398799.784226, 158168, 731394
1766398799.850849, 159154, 732172
1766398799.867443, 159789, 699324
1766398799.879731, 159501, 727707
1766398799.879780, 159274, 742815
1766398799.959808, 161501, 691072
1766398799.967002, 160569, 748630
1766398799.974866, 160906, 739426
1766398799.989799, 161043, 738082
1766398800.041159, 162094, 722266
1766398800.046321, 162439, 710806
1766398800.049908, 162773, 697797
1766398800.134806, 163589, 715843
1766398800.134842, 163457, 730720
1766398800.224819, 164963, 723192
1766398800.259574, 165464, 724504
1766398800.303944, 166059, 735323
1766398800.350044, 167220, 697755
1766398800.352338, 167082, 716390
1766398800.352358, 166698, 733041
1766398800.352374, 167895, 666580
1766398800.362470, 168333, 643534
1766398800.362506, 168871, 609498
1766398800.365097, 167965, 662733
1766398800.372700, 169120, 603838
1766398800.378164, 167479, 709277
1766398800.383175, 168465, 648098
1766398800.530543, 169792, 711358
1766398800.532960, 173090, 497090
1766398800.533022, 170382, 679926
1766398800.533041, 172367, 547496
1766398800.533445, 170517, 664881
1766398800.535960, 171581, 601037
1766398800.538469, 170807, 653111
1766398800.538496, 173803, 469376
1766398800.545213, 171973, 592786
1766398800.550196, 170012, 714269
1766398800.550230, 174102, 452084
1766398800.550242, 174030, 464018
1766398800.550671, 174840, 419720
1766398800.553224, 171197, 650521
1766398800.553281, 173342, 501733
1766398800.555716, 171414, 636559
1766398800.560291, 172272, 591978
1766398800.563340, 175040, 411692
1766398800.567317, 172741, 562990
1766398800.567361, 172884, 547960
1766398800.569957, 175146, 400483
1766398800.584926, 174581, 465557
1766398800.592326, 175767, 390327
1766398800.600486, 175407, 415985
1766398800.615334, 175943, 396606
1766398800.622798, 176316, 386959
1766398800.654476, 176879, 385809
1766398800.661902, 176988, 377142
1766398800.666788, 176552, 415558
1766398800.692786, 177302, 390559
1766398800.697734, 177821, 362122
1766398800.707958, 177653, 388705
1766398800.727149, 178098, 375612
1766398800.760901, 178922, 356799
1766398800.760947, 178307, 393115
1766398800.763346, 178610, 377640
1766398800.802914, 179273, 368088
1766398800.802953, 179008, 383570
1766398800.825856, 179495, 373673
1766398800.825921, 179717, 357062
1766398800.834552, 180025, 349268
1766398800.849557, 180342, 347538
1766398800.876273, 180683, 357986
1766398800.884122, 180877, 349190
1766398800.900419, 181145, 346294
1766398800.913053, 181481, 344576
1766398800.937269, 181625, 352292
1766398800.945788, 181863, 343461
1766398800.958442, 182382, 322967
1766398800.958476, 182271, 338903
1766398800.981796, 182623, 328897
1766398800.999728, 182975, 329425
1766398801.024401, 183438, 322465
1766398801.024441, 183192, 339029
1766398801.032066, 183638, 313510
1766398801.036725, 184032, 301388
1766398801.083195, 184139, 330021
1766398801.096164, 184575, 327498
1766398801.102441, 184783, 317284
1766398801.126487, 185237, 306861
1766398801.126533, 184999, 324255
1766398801.145682, 185540, 310109
1766398801.153702, 185668, 300912
1766398801.168373, 185928, 299475
1766398801.176641, 186184, 290754
1766398801.211648, 186615, 307673
1766398801.217126, 186674, 295484
1766398801.220052, 187200, 267861
1766398801.222864, 187016, 286915
1766398801.260511, 187790, 273510
1766398801.260549, 187481, 291612
1766398801.271370, 188025, 268556
1766398801.306085, 188367, 286536
1766398801.322444, 188505, 285863
1766398801.327601, 189032, 259144
1766398801.350011, 189250, 263412
1766398801.350058, 188679, 296960
1766398801.386968, 189903, 267442
1766398801.394495, 189568, 290014
1766398801.404759, 190017, 268773
1766398801.424873, 190510, 254645
1766398801.424911, 190446, 271912
1766398801.455829, 190720, 270643
1766398801.458369, 191111, 256324
1766398801.488017, 191421, 268389
1766398801.490540, 191574, 254986
1766398801.524417, 191847, 269644
1766398801.531895, 192341, 245268
1766398801.539405, 192008, 268781
1766398801.572788, 192566, 268699
1766398801.577606, 192943, 256882
1766398801.578102, 193259, 239224
1766398801.620652, 193530, 264145
1766398801.632165, 193780, 261897
1766398801.644700, 193843, 257208
1766398801.650741, 194114, 245048
1766398801.677639, 194539, 255510
1766398801.687723, 194661, 251350
1766398801.719259, 195019, 263223
1766398801.739579, 195115, 267825
1766398801.750777, 195673, 247100
1766398801.783847, 196004, 263445
1766398801.786338, 195518, 299068
1766398801.822589, 196237, 284687
1766398801.823083, 196779, 249671
1766398801.823104, 196530, 268505
1766398801.830724, 197110, 243659
1766398801.853356, 197364, 248827
1766398801.883543, 197419, 262176
1766398801.911468, 197829, 273355
1766398801.930765, 197941, 274598
1766398801.968029, 198644, 286231
1766398801.968554, 198709, 264191
1766398801.968585, 198170, 297016
1766398801.986000, 199073, 263934
1766398802.012331, 199345, 275182
1766398802.022802, 199563, 269182
1766398802.051990, 199688, 279644
1766398802.052031, 200121, 263150
1766398802.080394, 200510, 260799
1766398802.095977, 200417, 297883
1766398802.115506, 200808, 278036
1766398802.136058, 201164, 279972
1766398802.136098, 201272, 271611
1766398802.175434, 201564, 287957
1766398802.177917, 201983, 272467
1766398802.212180, 202107, 291220
1766398802.216408, 202311, 278236
1766398802.220357, 202596, 266393
1766398802.222843, 202822, 251839
1766398802.239710, 203122, 251182
1766398802.282529, 203679, 261947
1766398802.287941, 203298, 284986
1766398802.302763, 203799, 264977
1766398802.337448, 204207, 284868
1766398802.337489, 204369, 267116
1766398802.362980, 204738, 275180
1766398802.370205, 204965, 265850
1766398802.385320, 205125, 263895
1766398802.397603, 205550, 259963
1766398802.436358, 205675, 282586
1766398802.441674, 206088, 254937
1766398802.468342, 206431, 264902
1766398802.468383, 205946, 296656
1766398802.483164, 206767, 262469
1766398802.502414, 207120, 247165
1766398802.519746, 207017, 283282
1766398802.542884, 207418, 271607
1766398802.567962, 207793, 279968
1766398802.570687, 208073, 265675
1766398802.572885, 208155, 250201
1766398802.602244, 208623, 263810
1766398802.630627, 208689, 276589
1766398802.639589, 209127, 269596
1766398802.652225, 209191, 264631
1766398802.676102, 209550, 273316
1766398802.685828, 209894, 264603
1766398802.685881, 210082, 248812
1766398802.705566, 210506, 235786
1766398802.707991, 210389, 255316
1766398802.742895, 210920, 258111
1766398802.765380, 211308, 245433
1766398802.767879, 211016, 265605
1766398802.785001, 211591, 249406
1766398802.792315, 211807, 240992
1766398802.816787, 211996, 248441
1766398802.827404, 212440, 241933
1766398802.842125, 212513, 239090
1766398802.859263, 212929, 240848
1766398802.875564, 213021, 240180
1766398802.894937, 213263, 242337
1766398802.935683, 213548, 265693
1766398802.935756, 213911, 250698
1766398802.935762, 214411, 216675
1766398802.960246, 214039, 257668
1766398802.963221, 214598, 226612
1766398802.988437, 215195, 219650
1766398803.011166, 214976, 258316
1766398803.016233, 215425, 230449
1766398803.035710, 215665, 233531
1766398803.059438, 215908, 241372
1766398803.064520, 216220, 228882
1766398803.068397, 216416, 214507
1766398803.104523, 216964, 218073
1766398803.109120, 216726, 239860
1766398803.119217, 217224, 216624
1766398803.150880, 217380, 231580
1766398803.163759, 217898, 211485
1766398803.181265, 217706, 245487
1766398803.193628, 218361, 224542
1766398803.218727, 218549, 233697
1766398803.246392, 218643, 244478
1766398803.266010, 218945, 246755
1766398803.282557, 219546, 231030
1766398803.282598, 219169, 246460
1766398803.292483, 219808, 222218
1766398803.336999, 219965, 254689
1766398803.356764, 220275, 254017
1766398803.389105, 220610, 268241
1766398803.399971, 221072, 247030
1766398803.401631, 220927, 269701
1766398803.428065, 221393, 258605
1766398803.471958, 222185, 253470
1766398803.482867, 221736, 280730
1766398803.482901, 221483, 296656
1766398803.497314, 222391, 260145
1766398803.512285, 222574, 259160
1766398803.564678, 222889, 295292
1766398803.576253, 223058, 289804
1766398803.576285, 223471, 278107
1766398803.653935, 223927, 322116
1766398803.658116, 223515, 338261
1766398803.668472, 224140, 315012
1766398803.716655, 224379, 346737
1766398803.721598, 224589, 334957
1766398803.750009, 225027, 331118
1766398803.752084, 224784, 348750
1766398803.785683, 225393, 351078
1766398803.832168, 225658, 379087
1766398803.863237, 226154, 378395
1766398803.863306, 225838, 394266
1766398803.892647, 226351, 390402
1766398803.907859, 226625, 387257
1766398803.933690, 226988, 398542
1766398803.946082, 227153, 393308
1766398804.007967, 227547, 438903
1766398804.021415, 227660, 433565
1766398804.050300, 227982, 447132
1766398804.062629, 228174, 443408
1766398804.062688, 228366, 427275
1766398804.107311, 228749, 454249
1766398804.119563, 229344, 434035
1766398804.134740, 229087, 465570
1766398804.165428, 229561, 462337
1766398804.167961, 229639, 449092
1766398804.209406, 230089, 473575
1766398804.219378, 230256, 467754
1766398804.224426, 230517, 454706
1766398804.571405, 231106, 769352
1766398804.637733, 232177, 768422
1766398804.670185, 232705, 750036
1766398804.728532, 233595, 759746
1766398804.759214, 234411, 739534
1766398804.774331, 234619, 739143
1766398804.812751, 235351, 727558
1766398804.864346, 235914, 745498
1766398804.899757, 236457, 747219
1766398805.010217, 238145, 740999
1766398805.084440, 238851, 765038
1766398805.178135, 240451, 759227
1766398805.248262, 241826, 744979
1766398805.254136, 241949, 733322
1766398805.322425, 243316, 720487
1766398805.335699, 243066, 749752
1766398805.389747, 243717, 753944
1766398805.450029, 245047, 730949
1766398805.459846, 245486, 722921
1766398805.462332, 245546, 709746
1766398805.464830, 246063, 679193
1766398805.477154, 245897, 708082
1766398805.625676, 248040, 721244
1766398805.689351, 248930, 718525
1766398805.717185, 249604, 694316
1766398805.725252, 249995, 686952
1766398805.726088, 249363, 721968
1766398805.800587, 250870, 713147
1766398805.807148, 250892, 701460
1766398805.819175, 251643, 681527
1766398805.839338, 252751, 618529
1766398805.846754, 252330, 657844
1766398805.852051, 252462, 647285
1766398805.852125, 253153, 614685
1766398805.852144, 253212, 595915
1766398805.854707, 252080, 682960
1766398805.854738, 254372, 532804
1766398805.854750, 254027, 549209
1766398805.870496, 253561, 599070
1766398805.875582, 254846, 522436
1766398805.875619, 254649, 538943
1766398805.880098, 256950, 392160
1766398805.880130, 255029, 510558
1766398805.882687, 253803, 594996
1766398805.882725, 255321, 495954
1766398805.882743, 256084, 446651
1766398805.882759, 257392, 362003
1766398805.884389, 255773, 461634
1766398805.887673, 256288, 433079
1766398805.887701, 255533, 483333
1766398805.887705, 257723, 350725
1766398805.895970, 257166, 392241
1766398805.896029, 256605, 426251
1766398805.920934, 257817, 366219
1766398805.926045, 258050, 355115
1766398805.927387, 258525, 339654
1766398805.957591, 258575, 353846
1766398805.962953, 258831, 342289
1766398805.975330, 259187, 336638
1766398805.990390, 259616, 319677
1766398805.992859, 259339, 338537
1766398806.022338, 260277, 317028
1766398806.022379, 259876, 333228
1766398806.042208, 260431, 318660
1766398806.057360, 260723, 319205
1766398806.057398, 261014, 303046
1766398806.067626, 261227, 297059
1766398806.101849, 261633, 296598
1766398806.109372, 261612, 321360
1766398806.126647, 262071, 305646
1766398806.141395, 262288, 302613
1766398806.148862, 262709, 276365
1766398806.158185, 262586, 304650
1766398806.161751, 263109, 273196
1766398806.176944, 263187, 273470
1766398806.205877, 263522, 284751
1766398806.221051, 263906, 283605
1766398806.221089, 264039, 265778
1766398806.246135, 264323, 276039
1766398806.261456, 264511, 274427
1766398806.276084, 264977, 256359
1766398806.294120, 264734, 289144
1766398806.313436, 265391, 277459
1766398806.319014, 265689, 267639
1766398806.351872, 265771, 281468
1766398806.354868, 266162, 269302
1766398806.373391, 266422, 271334
1766398806.384490, 266945, 248315
1766398806.384529, 266554, 266092
1766398806.416424, 267049, 264129
1766398806.430835, 267333, 262362
1766398806.439711, 267745, 253836
1766398806.461425, 268282, 242045
1766398806.473679, 267853, 271593
1766398806.473718, 268336, 238188
1766398806.492916, 268736, 241407
1766398806.528851, 268945, 259327
1766398806.554087, 269484, 251546
1766398806.556546, 269212, 271193
1766398806.585348, 269714, 267021
1766398806.589900, 269907, 254986
1766398806.605792, 270140, 252840
1766398806.608390, 270413, 238874
1766398806.629228, 270728, 243176
1766398806.642192, 270849, 240601
1766398806.655254, 271200, 234948
1766398806.656739, 271594, 220693
1766398806.668620, 272072, 200477
1766398806.691179, 271843, 238839
1766398806.693669, 272237, 207421
1766398806.696547, 272418, 194913
1766398806.718415, 272870, 199285
1766398806.739202, 273023, 203333
1766398806.749386, 273362, 197084
1766398806.777669, 273599, 208246
1766398806.785201, 274293, 165057
1766398806.785236, 273834, 198468
1766398806.803196, 274052, 199507
1766398806.823604, 274757, 168967
1766398806.826292, 274660, 189883
1766398806.840361, 275102, 170090
1766398806.863287, 275242, 178117
1766398806.892444, 275948, 173595
1766398806.900559, 275494, 198492
1766398806.927928, 276004, 192454
1766398806.932999, 276311, 181584
1766398806.962603, 276652, 192141
1766398806.962651, 276917, 177879
1766398806.981947, 277235, 179209
1766398806.991942, 277337, 173830
1766398807.036990, 277576, 201325
1766398807.061799, 278421, 175621
1766398807.061857, 277830, 208108
1766398807.064387, 278165, 196805
1766398807.115509, 278734, 212816
1766398807.118357, 278935, 199669
1766398807.120583, 279285, 185271
1766398807.145754, 279480, 193589
1766398807.164865, 279674, 196840
1766398807.177101, 279997, 191521
1766398807.196986, 280102, 193465
1766398807.221850, 280477, 202173
1766398807.239274, 280997, 187886
1766398807.258951, 280739, 222463
1766398807.295333, 281442, 209753
1766398807.300333, 281199, 231021
1766398807.329003, 281679, 225926
1766398807.336538, 282327, 201121
1766398807.347260, 282099, 227353
1766398807.371694, 282680, 200847
1766398807.393188, 282419, 239827
1766398807.401952, 282998, 216849
1766398807.423827, 283229, 221101
1766398807.437558, 283486, 218991
1766398807.447604, 283746, 211130
1766398807.484584, 284034, 231611
1766398807.498778, 284341, 229363
1766398807.506397, 284430, 221168
1766398807.540688, 284727, 237789
1766398807.540726, 285096, 226157
1766398807.550647, 285287, 214351
1766398807.585497, 285567, 236871
1766398807.592668, 285934, 222765
1766398807.620245, 286205, 234521
1766398807.632872, 286652, 213520
1766398807.637520, 286228, 235093
1766398807.655226, 286868, 218970
1766398807.657822, 286986, 205081
1766398807.713857, 287502, 228025
1766398807.716454, 287349, 247935
1766398807.746259, 287943, 243907
1766398807.752410, 288155, 233429
1766398807.763617, 288427, 227864
1766398807.780935, 288619, 228972
1766398807.805230, 288832, 236330
1766398807.837603, 289050, 251840
1766398807.839667, 289485, 237576
1766398807.848791, 289679, 230511
1766398807.856206, 289805, 220074
1766398807.892639, 290498, 223157
1766398807.892696, 290213, 240079
1766398807.952088, 291104, 233019
1766398807.952130, 290629, 265552
1766398807.957080, 290843, 254119
1766398807.988837, 291709, 236013
1766398807.989522, 291492, 253352
1766398808.001782, 292002, 231637
1766398808.040357, 292185, 254534
1766398808.066259, 292491, 264003
1766398808.088068, 292825, 268965
1766398808.110264, 292866, 273922
1766398808.148915, 293363, 296267
1766398808.150387, 293465, 281235
1766398808.181065, 293872, 294431
1766398808.191275, 294128, 288007
1766398808.221384, 294573, 285422
1766398808.224933, 294253, 304454
1766398808.269780, 294788, 316511
1766398808.280418, 295570, 277267
1766398808.284909, 295031, 315180
1766398808.297269, 295202, 310284
1766398808.342705, 296125, 307847
1766398808.350551, 295743, 328867
1766398808.353758, 296254, 300134
1766398808.371142, 296618, 297336
1766398808.384139, 296957, 297103
1766398808.429310, 297048, 326227
1766398808.434118, 297335, 314311
1766398808.475437, 297612, 338124
1766398808.488475, 298012, 317904
1766398808.500896, 297830, 347653
1766398808.513447, 298318, 327848
1766398808.542452, 298667, 340449
1766398808.553351, 298807, 333835
1766398808.564010, 299118, 326840
1766398808.601606, 299343, 347696
1766398808.613741, 299700, 343975
1766398808.620819, 299792, 334211
1766398808.651168, 300201, 346526
1766398808.661122, 300352, 342107
1766398808.666142, 300778, 329476
1766398808.678576, 300971, 325529
1766398808.691818, 301107, 321966
1766398808.734580, 301379, 349455
1766398808.754882, 301859, 334039
1766398808.767425, 301723, 364789
1766398808.782319, 302256, 344227
1766398808.799850, 302408, 345627
1766398808.815147, 302759, 343964
1766398808.849366, 303210, 343856
1766398808.853866, 302888, 365981
1766398808.876163, 303719, 344474
1766398808.881192, 303417, 357756
1766398808.894886, 303911, 340324
1766398808.929324, 304247, 358164
1766398808.946320, 304401, 357467
1766398808.951050, 304676, 352810
1766398808.980865, 305104, 359995
1766398809.003459, 305288, 364456
1766398809.033388, 305718, 360642
1766398809.038460, 305584, 383438
1766398809.050450, 306085, 367867
1766398809.050497, 306431, 345970
1766398809.071207, 306657, 350234
1766398809.103149, 306908, 364712
1766398809.112511, 307053, 357065
1766398809.121800, 307249, 356680
1766398809.138385, 307601, 350862
1766398809.155340, 308186, 335535
1766398809.190113, 307838, 384666
1766398809.197389, 308584, 343459
1766398809.200425, 308433, 361974
1766398809.239623, 308869, 369626
1766398809.258282, 309536, 336852
1766398809.260901, 308996, 372707
1766398809.274214, 309419, 369235
1766398809.282070, 309799, 344878
1766398809.292141, 310107, 337572
1766398809.332714, 310734, 343791
1766398809.332758, 310377, 361918
1766398809.347853, 310915, 342946
1766398809.364815, 311251, 343815
1766398809.370234, 311303, 333072
1766398809.382433, 311786, 326397
1766398809.411289, 312059, 340178
1766398809.434961, 312191, 347303
1766398809.439549, 312571, 334982
1766398809.457909, 312607, 335812
1766398809.476048, 313220, 321675
1766398809.496395, 312911, 359687
1766398809.515793, 313552, 344880
1766398809.548896, 313897, 343762
1766398809.556492, 313733, 368261
1766398809.575373, 314470, 337450
1766398809.577568, 314319, 356379
1766398809.607134, 314629, 353335
1766398809.632361, 314940, 361899
1766398809.642174, 315287, 354262
1766398809.662048, 315542, 352593
1766398809.674673, 315834, 353760
1766398809.687560, 316017, 350154
1766398809.699707, 316263, 343526
1766398809.719338, 316450, 349279
1766398809.742379, 316918, 354878
1766398809.783994, 317035, 380474
1766398809.786431, 317389, 366617
1766398809.798563, 317463, 361633
1766398809.798595, 317842, 346294
1766398809.822989, 317993, 353010
1766398809.846483, 318560, 344302
1766398809.854005, 318336, 367872
1766398809.878621, 318892, 358630
1766398809.903903, 319336, 350760
1766398809.911318, 319059, 372762
1766398809.931513, 319822, 343990
1766398809.956384, 319639, 386116
1766398809.978666, 320231, 375442
1766398809.988814, 320402, 369658
1766398809.996346, 320622, 360056
1766398810.045289, 320822, 391704
1766398810.045707, 321046, 376784
1766398810.071466, 321342, 384860
1766398810.071535, 321723, 367688
1766398810.114301, 321855, 394915
1766398810.126481, 322061, 391007
1766398810.126515, 322337, 373907
1766398810.158976, 322629, 389728
1766398810.163100, 322889, 377546
1766398810.188913, 323257, 385351
1766398810.211314, 323547, 391444
1766398810.234248, 323882, 382885
1766398810.236641, 323588, 400373
1766398810.256268, 324163, 387224
1766398810.288561, 324641, 386003
1766398810.302395, 324390, 415445
1766398810.318932, 325038, 398469
1766398810.346808, 325432, 393608
1766398810.349659, 325364, 412387
1766398810.362260, 325697, 393863
1766398810.364845, 325917, 379360
1766398810.405053, 326561, 385538
1766398810.412292, 326328, 409822
1766398810.426859, 326857, 391291
1766398810.446133, 327177, 375851
1766398810.446210, 326923, 393581
1766398810.451538, 327520, 364802
1766398810.481436, 328176, 360644
1766398810.493552, 327770, 390711
1766398810.534290, 328435, 397541
1766398810.537311, 328648, 384411
1766398810.557048, 328742, 387539
1766398810.573500, 329222, 369635
1766398810.573538, 328969, 391447
1766398810.618325, 329801, 382486
1766398810.631301, 330003, 378751
1766398810.636003, 329697, 417028
1766398810.660635, 330243, 390288
1766398810.670844, 330638, 384033
1766398810.695610, 331196, 376988
1766398810.706922, 330844, 404898
1766398810.719462, 331369, 383124
1766398810.729383, 331616, 377687
1766398810.753330, 332006, 384502
1766398810.753824, 332204, 367866
1766398810.770660, 332423, 368171
1766398810.787480, 332551, 368374
1766398810.816137, 332891, 379596
1766398810.826410, 333179, 372603
1766398810.845833, 333375, 375288
1766398810.865483, 333724, 379828
1766398810.869806, 333976, 366761
1766398810.899139, 334397, 362662
1766398810.904549, 334327, 385568
1766398810.930120, 334689, 376311
1766398810.942558, 334851, 372452
1766398810.958707, 335175, 373679
1766398810.971227, 335554, 367860
1766398810.984065, 335709, 365276
1766398811.003843, 335927, 367593
1766398811.036965, 336309, 384027
1766398811.049271, 336734, 363134
1766398811.052253, 336421, 383837
1766398811.067899, 337086, 365401
1766398811.089252, 337195, 369711
1766398811.126008, 337671, 373741
1766398811.135562, 337471, 399566
1766398811.135598, 337982, 365966
1766398811.160122, 338242, 372846
1766398811.187707, 338842, 368876
1766398811.197940, 338581, 396442
1766398811.205365, 339198, 369631
1766398811.233394, 339455, 380993
1766398811.254691, 339707, 386604
1766398811.275346, 339941, 388684
1766398811.290174, 340139, 388737
1766398811.291707, 340354, 372515
1766398811.306770, 340716, 369246
1766398811.335570, 341245, 366515
1766398811.340944, 340742, 388003
1766398811.380735, 341292, 393745
1766398811.395517, 341666, 392113
1766398811.395564, 341909, 375668
1766398811.432042, 342051, 395671
1766398811.439924, 342496, 386410
1766398811.449737, 342774, 380384
1766398811.472453, 342822, 383887
1766398811.481691, 343079, 378810
1766398811.503653, 343480, 382877
1766398811.519626, 343683, 382206
1766398811.565952, 343902, 412116
1766398811.577566, 344173, 405676
1766398811.577746, 344488, 391103
1766398811.603264, 344764, 393044
1766398811.620133, 344876, 399850
1766398811.630132, 345299, 388191
1766398811.639959, 345596, 386582
1766398811.654396, 345651, 383742
1766398811.665376, 345873, 377414
1766398811.694545, 346174, 389093
1766398811.714966, 346569, 393395
1766398811.734261, 346796, 394718
1766398811.748391, 346941, 394479
1766398811.753391, 347336, 382764
1766398811.797682, 347559, 410079
1766398811.802609, 347682, 398391
1766398811.836451, 348019, 416453
1766398811.856227, 348201, 419022
1766398811.893300, 348430, 439647
1766398811.893338, 348794, 423105
1766398811.921528, 349242, 417883
1766398811.927652, 348966, 441708
1766398811.950343, 349883, 414264
1766398811.961136, 349468, 440041
1766398811.988836, 350046, 433826
1766398812.005231, 350460, 434405
1766398812.062556, 350641, 476945
1766398812.340661, 351011, 719052
1766398812.351063, 351338, 713213
1766398812.402619, 351874, 732636
1766398812.414747, 352771, 679125
1766398812.419785, 352215, 733080
1766398812.424953, 353941, 622728
1766398812.425015, 353156, 671079
1766398812.429340, 354304, 593348
1766398812.429374, 353338, 660061
1766398812.431862, 353591, 645969
1766398812.431893, 352432, 728946
1766398812.432920, 354169, 614210
1766398812.440172, 352574, 720334
1766398812.447956, 354625, 595789
1766398812.447982, 354998, 577364
1766398812.645308, 355899, 709896
1766398812.652355, 355800, 732738
1766398812.664543, 355560, 761822
1766398812.720785, 357153, 699557
1766398812.723419, 356919, 719405
1766398812.725905, 358015, 655560
1766398812.735808, 358659, 614383
1766398812.735854, 358350, 647319
1766398812.735868, 360165, 530963
1766398812.736293, 357874, 682730
1766398812.738607, 358564, 635448
1766398812.741094, 359435, 570088
1766398812.743869, 357586, 705914
1766398812.748932, 359182, 592545
1766398812.760210, 359796, 573136
1766398812.760264, 359154, 622508
1766398812.765223, 360380, 541490
1766398813.054094, 361941, 732176
1766398813.145911, 362780, 758719
1766398813.251333, 364761, 745594
1766398813.320676, 365627, 749419
1766398813.328385, 365946, 741619
1766398813.416170, 366955, 762510
1766398813.434631, 367839, 730171
1766398813.437339, 367497, 749104
1766398813.557060, 369029, 768355
1766398813.568125, 370149, 713086
1766398813.715643, 372704, 693844
1766398813.715695, 371719, 743891
1766398813.721731, 372098, 731695
1766398813.729351, 372939, 692334
1766398813.739594, 372431, 735182
1766398813.835661, 374501, 696740
1766398813.838264, 373829, 733634
1766398813.840908, 374020, 719046
1766398814.041362, 376672, 749365
1766398814.152343, 378597, 746974
1766398814.362294, 381723, 740671
1766398814.392271, 382721, 702932
1766398814.394883, 383073, 690033
1766398814.404430, 382687, 733777
1766398814.404467, 382351, 750268
1766398814.505674, 384190, 734021
1766398814.526754, 384306, 737473
1766398814.568246, 385609, 696820
1766398814.592724, 385170, 754806
1766398814.598503, 385441, 743866
1766398814.717847, 387205, 746543
1766398814.720462, 387418, 727077
1766398814.810012, 388610, 737877
1766398814.822888, 389282, 716148
1766398814.825421, 388923, 737759
1766398814.959722, 391068, 739135
1766398814.960185, 391265, 721705
1766398815.075232, 392950, 735798
1766398815.086878, 392455, 765328
1766398815.133256, 393761, 723147
1766398815.133695, 393536, 746082
1766398815.234162, 394866, 762731
1766398815.241374, 394559, 785991
1766398815.246366, 395654, 723957
1766398815.246852, 395857, 708968
1766398815.246875, 395417, 740344
1766398815.314331, 396444, 742906
1766398815.371770, 397118, 748974
1766398815.436141, 398138, 748004
1766398815.473030, 398757, 751462
1766398815.499515, 399143, 743502
1766398815.529557, 399401, 759323
1766398815.532388, 399736, 745368
1766398815.580125, 400511, 741160
1766398815.630124, 401533, 725269
1766398815.642804, 401738, 722633
1766398815.664940, 402087, 726566
1766398815.751743, 402569, 781626
1766398815.759021, 403235, 733098
1766398815.849817, 404612, 742591
1766398815.922235, 405995, 733433
1766398815.925961, 405739, 753686
1766398816.035227, 407565, 729332
1766398816.126620, 409026, 738251
1766398816.126659, 409561, 704809
1766398816.136431, 409267, 731888
1766398816.154248, 409612, 713453
1766398816.226497, 410739, 720221
1766398816.235698, 410518, 748281
1766398816.251774, 411045, 729922
1766398816.251814, 411321, 713738
1766398816.312168, 411862, 740322
1766398816.328589, 412725, 687493
1766398816.335034, 412239, 728701
1766398816.335099, 413129, 679838
1766398816.365069, 412506, 742858
1766398816.453658, 413876, 748306
1766398816.533479, 414770, 763308
1766398816.544068, 415144, 755943
1766398816.567012, 416151, 717872
1766398816.567054, 415551, 747444
1766398816.577367, 415943, 737076
1766398816.640855, 417532, 700438
1766398816.640891, 416858, 737432
1766398816.640904, 417150, 720488
1766398816.829452, 419423, 758298
1766398816.877977, 420984, 706359
1766398816.878027, 420805, 724696
1766398816.878867, 421238, 690503
1766398816.881377, 420503, 743377
1766398816.903398, 422513, 631358
1766398816.905953, 422725, 617259
1766398816.905978, 423007, 601093
1766398816.908574, 421676, 687349
1766398816.908596, 421907, 670901
1766398816.908600, 422327, 654785
1766398816.947142, 423942, 576743
1766398816.955047, 423718, 600752
1766398817.025511, 425286, 570843
1766398817.031557, 425671, 559624
1766398817.086273, 426863, 528435
1766398817.093153, 426435, 571506
1766398817.094142, 427129, 523238
1766398817.098192, 426736, 565878
1766398817.176757, 427785, 554691
1766398817.179239, 428355, 525535
1766398817.179259, 428286, 540422
1766398817.179502, 428750, 510222
1766398817.187209, 429241, 482510
1766398817.189211, 428918, 503596
1766398817.193209, 429492, 470713
1766398817.197310, 432356, 294525
1766398817.201191, 431051, 382142
1766398817.203018, 429730, 465774
1766398817.204979, 431509, 352258
1766398817.205008, 431234, 369698
1766398817.205012, 430028, 453161
1766398817.205455, 433281, 236932
1766398817.207355, 433584, 220414
1766398817.210721, 430187, 441822
1766398817.212473, 431857, 344165
1766398817.214869, 432009, 329272
1766398817.215813, 432443, 295886
1766398817.216488, 430609, 413853
1766398817.223611, 430355, 436267
1766398817.223646, 435620, 104367
1766398817.226127, 432873, 291166
1766398817.229025, 433073, 276502
1766398817.230627, 433750, 228009
1766398817.233322, 434936, 161820
1766398817.233893, 435181, 147109
1766398817.234665, 434503, 181227
1766398817.239320, 435350, 137819
1766398817.241603, 436116, 87018
1766398817.244672, 434292, 208601
1766398817.247193, 434057, 228633
1766398817.249553, 436676, 61189
1766398817.249560, 435958, 114052
1766398817.266012, 436455, 96708
1766398817.269731, 437153, 47368
1766398817.273867, 436746, 69523
1766398817.279513, 437369, 42097
1766398817.308619, 437677, 55231
1766398817.331132, 438244, 43955
1766398817.340842, 437869, 67461
1766398817.356631, 438464, 52282
1766398817.373679, 438959, 42751
1766398817.375330, 438655, 55955
1766398817.408920, 439107, 56173
1766398817.423418, 439316, 54735
1766398817.424828, 439713, 39870
1766398817.452631, 440012, 50867
1766398817.464357, 440313, 46086
1766398817.491963, 440540, 57387
1766398817.498503, 440757, 47566
1766398817.517798, 441181, 33738
1766398817.527585, 441002, 59819
1766398817.548215, 441446, 47448
1766398817.587755, 441601, 70670
1766398817.614151, 442086, 80498
1766398817.614753, 442440, 47282
1766398817.616982, 442330, 64802
1766398817.630557, 442846, 46688
1766398817.666033, 443079, 64015
1766398817.674180, 443358, 55891
1766398817.676291, 443522, 42370
1766398817.710770, 443837, 60009
1766398817.716885, 444019, 49218
1766398817.740769, 444545, 39948
1766398817.746743, 444265, 63025
1766398817.764265, 444797, 47056
1766398817.796862, 444938, 62280
1766398817.812329, 445482, 43764
1766398817.817545, 445434, 66983
1766398817.848892, 445816, 63964
1766398817.859366, 446175, 58357
1766398817.866690, 446443, 48557
1766398817.906777, 446711, 72061
1766398817.926117, 447243, 41740
1766398817.927637, 446862, 78039
1766398817.942445, 447022, 75160
1766398817.949651, 447535, 48345
1766398817.961819, 447994, 43393
1766398818.012912, 448267, 61401
1766398818.012957, 448004, 79514
1766398818.033634, 448687, 65998
1766398818.044601, 448943, 59569
1766398818.056514, 449128, 55506
1766398818.060628, 449301, 42993
1766398818.094559, 449870, 42324
1766398818.101536, 449712, 67478
1766398818.104281, 450287, 36391
1766398818.131644, 450552, 46461
1766398818.155459, 450998, 38000
1766398818.164700, 450604, 63291
1766398818.166757, 451286, 32363
1766398818.183344, 451502, 32088
1766398818.216133, 451699, 48238
1766398818.230451, 451913, 46766
1766398818.260838, 452120, 60690
1766398818.266294, 452597, 48712
1766398818.293693, 452807, 59674
1766398818.301337, 452898, 50170
1766398818.342705, 453359, 75018
